{"stat.drop.minecraft.stone_pickaxe":2,"stat.chestOpened":9,"stat.useItem.minecraft.bow":3,"stat.pickup.minecraft.pumpkin":20,"stat.craftItem.minecraft.mushroom_stew":1,"stat.drop.minecraft.pumpkin":10,"stat.pickup.minecraft.bone":5,"stat.useItem.minecraft.mushroom_stew":1,"stat.useItem.minecraft.stone":5,"stat.useItem.minecraft.iron_axe":84,"stat.drop.minecraft.wooden_pickaxe":1,"stat.pickup.minecraft.gravel":5,"stat.leaveGame":1,"stat.pickup.minecraft.arrow":4,"stat.mineBlock.minecraft.pumpkin":11,"stat.pickup.minecraft.stone_pickaxe":2,"stat.useItem.minecraft.apple":2,"stat.useItem.minecraft.porkchop":7,"stat.drop.minecraft.iron_pickaxe":1,"stat.useItem.minecraft.rotten_flesh":3,"stat.drop.minecraft.cooked_porkchop":6,"stat.useItem.minecraft.mutton":4,"stat.jump":1632,"stat.swimOneCm":2655,"stat.pickup.minecraft.coal":146,"stat.fallOneCm":29095,"stat.climbOneCm":688,"stat.pickup.minecraft.cooked_porkchop":8,"achievement.buildWorkBench":1,"stat.drop.minecraft.wooden_door":2,"stat.pickup.minecraft.porkchop":8,"stat.crouchOneCm":4012,"stat.craftItem.minecraft.torch":52,"stat.pickup.minecraft.dirt":27,"stat.useItem.minecraft.dirt":27,"stat.pickup.minecraft.bow":1,"achievement.exploreAllBiomes":{"value":0,"progress":["Extreme Hills+","Birch Forest","Forest","River","Plains","Extreme Hills","Swampland"]},"stat.craftingTableInteraction":12,"stat.pickup.minecraft.iron_ore":10,"stat.pickup.minecraft.rotten_flesh":3,"stat.craftItem.minecraft.furnace":1,"stat.useItem.minecraft.sapling":6,"stat.pickup.minecraft.iron_axe":2,"stat.useItem.minecraft.egg":6,"stat.pickup.minecraft.wooden_pickaxe":1,"stat.damageTaken":590,"stat.craftItem.minecraft.wooden_button":1,"stat.craftItem.minecraft.stone_pickaxe":2,"stat.mineBlock.minecraft.torch":2,"stat.useItem.minecraft.wooden_pickaxe":60,"stat.useItem.minecraft.furnace":1,"stat.pickup.minecraft.cobblestone":119,"stat.pickup.minecraft.planks":17,"stat.pickup.minecraft.reeds":14,"stat.craftItem.minecraft.stone_sword":1,"stat.flyOneCm":96758,"stat.pickup.minecraft.wheat_seeds":4,"stat.pickup.minecraft.brown_mushroom":4,"achievement.buildPickaxe":1,"stat.drop.minecraft.wheat_seeds":2,"stat.mineBlock.minecraft.gravel":5,"stat.useItem.minecraft.stone_pickaxe":140,"stat.useItem.minecraft.stone_sword":23,"stat.damageDealt":2102,"achievement.buildBetterPickaxe":1,"stat.mineBlock.minecraft.iron_ore":10,"stat.sleepInBed":3,"stat.craftItem.minecraft.bowl":4,"stat.timeSinceDeath":76300,"stat.mineBlock.minecraft.dirt":9,"stat.useItem.minecraft.crafting_table":2,"stat.craftItem.minecraft.wooden_pickaxe":1,"stat.killEntity.Pig":3,"stat.pickup.minecraft.mutton":9,"stat.drop.minecraft.stick":3,"stat.drop.minecraft.iron_axe":1,"stat.killEntity.Bat":1,"stat.walkOneCm":428054,"stat.craftItem.minecraft.bed":1,"stat.useItem.minecraft.torch":34,"stat.drop.minecraft.porkchop":1,"stat.pickup.minecraft.crafting_table":2,"stat.useItem.minecraft.cobblestone":34,"stat.craftItem.minecraft.crafting_table":2,"stat.furnaceInteraction":16,"stat.useItem.minecraft.gravel":5,"stat.useItem.minecraft.cooked_porkchop":2,"stat.mineBlock.minecraft.double_plant":1,"stat.mineBlock.minecraft.coal_ore":105,"stat.drop.minecraft.wool":2,"stat.breakItem.minecraft.stone_pickaxe":1,"stat.pickup.minecraft.log":26,"stat.pickup.minecraft.iron_pickaxe":1,"stat.useItem.minecraft.cooked_mutton":2,"stat.drop.minecraft.wooden_button":1,"stat.pickup.minecraft.stone":7,"stat.drop.minecraft.planks":15,"stat.drop.minecraft.sapling":3,"achievement.mineWood":20,"stat.pickup.minecraft.sapling":10,"stat.sprintOneCm":134783,"stat.pickup.minecraft.wooden_door":2,"stat.pickup.minecraft.apple":2,"stat.craftItem.minecraft.stick":76,"stat.killEntity.Skeleton":3,"stat.useItem.minecraft.bed":1,"achievement.openInventory":51,"stat.craftItem.minecraft.planks":68,"stat.mineBlock.minecraft.crafting_table":1,"stat.mobKills":16,"stat.mineBlock.minecraft.log":24,"achievement.buildFurnace":1,"stat.pickup.minecraft.bowl":1,"stat.drop":19,"stat.mineBlock.minecraft.leaves":10,"stat.pickup.minecraft.egg":7,"stat.playOneMinute":76300,"stat.pickup.minecraft.torch":24,"stat.killEntity.Sheep":4,"stat.sneakTime":1567,"stat.pickup.minecraft.wool":5,"stat.killEntity.Zombie":3,"stat.drop.minecraft.torch":17,"stat.mineBlock.minecraft.stone":84,"stat.mineBlock.minecraft.tallgrass":24,"stat.craftItem.minecraft.cooked_mutton":2,"stat.breakItem.minecraft.wooden_pickaxe":1,"stat.pickup.minecraft.cooked_mutton":4,"stat.pickup.minecraft.wheat":8}