{"stat.useItem.minecraft.string":7,"stat.useItem.minecraft.bow":15,"stat.pickup.minecraft.wooden_slab":142,"stat.leaveGame":6,"stat.craftItem.minecraft.iron_axe":5,"stat.drop.minecraft.shield":1,"stat.useItem.minecraft.planks":124,"stat.craftItem.minecraft.shield":2,"stat.drop.minecraft.bowl":1,"stat.pickup.minecraft.porkchop":8,"stat.pickup.minecraft.glass":21,"stat.mineBlock.minecraft.red_mushroom":3,"stat.drop.minecraft.iron_sword":2,"stat.useItem.minecraft.water_bucket":43,"stat.pickup.minecraft.rotten_flesh":55,"stat.pickup.minecraft.sand":266,"stat.pickup.minecraft.brick_block":202,"stat.pickup.minecraft.bucket":6,"stat.useItem.minecraft.rail":10,"stat.killEntity.Enderman":1,"stat.mineBlock.minecraft.wooden_slab":28,"stat.pickup.minecraft.wooden_hoe":5,"stat.craftItem.minecraft.stone_sword":2,"stat.mineBlock.minecraft.snow_layer":336,"stat.pickup.minecraft.brown_mushroom":28,"stat.mineBlock.minecraft.sand":207,"achievement.buildPickaxe":5,"stat.breakItem.minecraft.bow":1,"stat.craftItem.minecraft.wooden_hoe":1,"achievement.buildBetterPickaxe":5,"stat.useItem.minecraft.fence_gate":3,"stat.useItem.minecraft.iron_pickaxe":700,"stat.craftItem.minecraft.wooden_pickaxe":1,"stat.mineBlock.minecraft.brick_block":20,"stat.drop.minecraft.cooked_mutton":27,"stat.craftItem.minecraft.bed":1,"stat.trappedChestTriggered":23,"stat.craftItem.minecraft.glass_pane":32,"stat.furnaceInteraction":301,"stat.drop.minecraft.gravel":2,"stat.mineBlock.minecraft.rail":15,"stat.useItem.minecraft.pumpkin_seeds":5,"stat.craftItem.minecraft.pumpkin_seeds":72,"stat.drop.minecraft.stone_slab":1,"stat.pickup.minecraft.fence_gate":8,"stat.pickup.minecraft.beef":16,"stat.pickup.minecraft.furnace":37,"stat.useItem.minecraft.cooked_mutton":21,"achievement.mineWood":486,"stat.useItem.minecraft.trapdoor":5,"stat.useItem.minecraft.fence":25,"stat.useItem.minecraft.stone_stairs":4,"achievement.openInventory":763,"stat.pickup.minecraft.stone_stairs":4,"stat.mineBlock.minecraft.fence":6,"stat.drop.minecraft.wooden_hoe":1,"stat.craftItem.minecraft.fence_gate":3,"stat.useItem.minecraft.wheat_seeds":82,"stat.pickup.minecraft.pumpkin_seeds":24,"stat.drop.minecraft.snowball":90,"stat.useItem.minecraft.dye":27,"stat.deaths":3,"stat.pickup.minecraft.bowl":2,"stat.pickup.minecraft.egg":437,"stat.playOneMinute":652379,"stat.drop.minecraft.string":7,"stat.craftItem.minecraft.iron_pickaxe":4,"stat.useItem.minecraft.shears":2,"stat.pickup.minecraft.glass_pane":93,"stat.drop.minecraft.torch":11,"stat.mineBlock.minecraft.tallgrass":190,"stat.craftItem.minecraft.cooked_mutton":22,"stat.pickup.minecraft.cooked_mutton":48,"stat.chestOpened":358,"stat.pickup.minecraft.pumpkin":36,"stat.craftItem.minecraft.mushroom_stew":2,"stat.useItem.minecraft.stone":322,"stat.craftItem.minecraft.carpet":3,"stat.pickup.minecraft.arrow":26,"stat.pickup.minecraft.iron_sword":2,"stat.craftItem.minecraft.coal":133,"stat.drop.minecraft.iron_pickaxe":1,"stat.pickup.minecraft.cooked_chicken":131,"stat.fallOneCm":289648,"stat.drop.minecraft.stone":10,"stat.pickup.minecraft.carrot":180,"stat.useItem.minecraft.trapped_chest":8,"stat.drop.minecraft.stone_sword":2,"stat.crouchOneCm":74156,"stat.mineBlock.minecraft.chest":21,"stat.pickup.minecraft.rail":36,"stat.craftItem.minecraft.iron_ingot":244,"stat.craftItem.minecraft.chest":53,"stat.pickup.minecraft.red_mushroom":3,"stat.craftingTableInteraction":198,"stat.pickup.minecraft.wooden_pickaxe":2,"stat.pickup.minecraft.feather":535,"stat.useItem.minecraft.furnace":32,"stat.useItem.minecraft.reeds":6,"stat.pickup.minecraft.dye":143,"stat.pickup.minecraft.planks":73,"stat.mineBlock.minecraft.spruce_fence":1,"stat.mineBlock.minecraft.snow":107,"stat.pickup.minecraft.wheat_seeds":370,"stat.mineBlock.minecraft.gravel":28,"stat.useItem.minecraft.stone_pickaxe":1611,"stat.useItem.minecraft.stone_sword":7,"stat.craftItem.minecraft.iron_leggings":1,"stat.useItem.minecraft.wool":4,"stat.mineBlock.minecraft.dirt":419,"stat.drop.minecraft.iron_axe":3,"stat.flowerPotted":3,"stat.pickup.minecraft.flint_and_steel":1,"stat.useItem.minecraft.torch":427,"stat.drop.minecraft.porkchop":1,"stat.drop.minecraft.rotten_flesh":26,"stat.craftItem.minecraft.stone_stairs":4,"stat.pickup.minecraft.crafting_table":9,"stat.useItem.minecraft.log":257,"stat.useItem.minecraft.cobblestone":345,"stat.craftItem.minecraft.crafting_table":2,"stat.useItem.minecraft.gravel":13,"stat.pickup.minecraft.log":612,"stat.drop.minecraft.stonebrick":56,"stat.pickup.minecraft.iron_pickaxe":2,"stat.craftItem.minecraft.gold_ingot":18,"stat.pickup.minecraft.chicken":127,"stat.pickup.minecraft.sapling":142,"stat.pickup.minecraft.wooden_door":12,"stat.pickup.minecraft.apple":13,"stat.useItem.minecraft.glass_pane":1,"stat.breakItem.minecraft.stone_shovel":7,"stat.pickup.minecraft.beetroot":20,"stat.craftItem.minecraft.bucket":2,"stat.craftItem.minecraft.planks":944,"stat.useItem.minecraft.iron_sword":112,"stat.craftItem.minecraft.snow":197,"stat.pickup.minecraft.stone_sword":5,"stat.useItem.minecraft.stonebrick":130,"stat.mineBlock.minecraft.log":497,"stat.craftItem.minecraft.wooden_door":3,"stat.craftItem.minecraft.cooked_chicken":90,"stat.mineBlock.minecraft.waterlily":1,"stat.useItem.minecraft.wooden_door":1,"stat.craftItem.minecraft.flower_pot":3,"stat.craftItem.minecraft.paper":21,"stat.sneakTime":22229,"stat.pickup.minecraft.wool":57,"stat.drop.minecraft.bucket":3,"stat.craftItem.minecraft.spruce_fence_gate":3,"stat.pickup.minecraft.stone_slab":459,"stat.drop.minecraft.yellow_flower":1,"stat.pickup.minecraft.yellow_flower":1,"stat.craftItem.minecraft.trapped_chest":4,"stat.pickup.minecraft.trapped_chest":8,"stat.pickup.minecraft.chest":41,"stat.pickup.minecraft.bone":12,"stat.useItem.minecraft.mushroom_stew":2,"stat.pickup.minecraft.lit_pumpkin":1,"stat.useItem.minecraft.iron_axe":893,"stat.pickup.minecraft.spruce_fence_gate":3,"stat.mineBlock.minecraft.cobblestone":64,"stat.mineBlock.minecraft.pumpkin":16,"stat.pickup.minecraft.stone_pickaxe":12,"stat.pickup.minecraft.flint":2,"stat.mineBlock.minecraft.yellow_flower":1,"stat.mineBlock.minecraft.brown_mushroom":4,"stat.mineBlock.minecraft.stained_glass_pane":105,"stat.swimOneCm":74741,"stat.useItem.minecraft.snow":113,"stat.climbOneCm":598,"stat.mineBlock.minecraft.spruce_stairs":131,"stat.pickup.minecraft.cooked_porkchop":6,"achievement.buildWorkBench":1,"stat.breakItem.minecraft.iron_pickaxe":2,"stat.craftItem.minecraft.arrow":8,"stat.useItem.minecraft.dirt":570,"stat.pickup.minecraft.bow":2,"achievement.exploreAllBiomes":{"value":0,"progress":["Birch Forest Hills","ForestHills","Extreme Hills+","Birch Forest","Forest","River","Plains","Extreme Hills","Swampland"]},"stat.craftItem.minecraft.furnace":12,"stat.craftItem.minecraft.lapis_block":4,"stat.useItem.minecraft.egg":488,"stat.craftItem.minecraft.iron_boots":1,"stat.craftItem.minecraft.trapdoor":2,"stat.craftItem.minecraft.stone_pickaxe":16,"stat.pickup.minecraft.shears":3,"stat.pickup.minecraft.cobblestone":1209,"stat.mineBlock.minecraft.carpet":3,"stat.mineBlock.minecraft.clay":45,"stat.useItem.minecraft.stone_shovel":999,"stat.useItem.minecraft.brick_block":20,"stat.flyOneCm":1476236,"stat.drop.minecraft.wheat_seeds":1,"stat.craftItem.minecraft.wooden_slab":270,"stat.craftItem.minecraft.stained_glass":136,"stat.pickup.minecraft.redstone":185,"stat.mineBlock.minecraft.iron_ore":178,"stat.timeSinceDeath":242336,"stat.useItem.minecraft.wooden_slab":288,"stat.drop.minecraft.spider_eye":1,"stat.pickup.minecraft.mutton":47,"stat.craftItem.minecraft.iron_block":21,"stat.drop.minecraft.coal":8,"stat.craftItem.minecraft.stonebrick":232,"stat.pickup.minecraft.stonebrick":781,"stat.pickup.minecraft.spruce_fence":6,"stat.drop.minecraft.flint_and_steel":1,"stat.useItem.minecraft.cooked_porkchop":5,"stat.pickup.minecraft.iron_shovel":1,"stat.pickup.minecraft.carpet":10,"stat.pickup.minecraft.trapdoor":9,"stat.mineBlock.minecraft.coal_ore":106,"stat.killEntity.Creeper":5,"stat.talkedToVillager":5,"stat.pickup.minecraft.string":27,"stat.craftItem.minecraft.brick_block":40,"stat.entityKilledBy.Skeleton":1,"stat.useItem.minecraft.spruce_fence":23,"stat.killEntity.Squid":11,"stat.sprintOneCm":1069744,"stat.pickup.minecraft.paper":63,"stat.mineBlock.minecraft.stone_slab":211,"stat.craftItem.minecraft.stick":200,"stat.useItem.minecraft.stone_slab":461,"stat.useItem.minecraft.bed":4,"stat.craftItem.minecraft.stone":618,"stat.useItem.minecraft.snowball":40,"stat.mineBlock.minecraft.diamond_ore":4,"stat.pickup.minecraft.grass":1,"stat.mineBlock.minecraft.crafting_table":5,"stat.drop.minecraft.leaves":2,"stat.useItem.minecraft.bucket":46,"stat.entityKilledBy.Creeper":1,"stat.mineBlock.minecraft.planks":36,"stat.drop":66,"stat.killEntity.Sheep":16,"stat.craftItem.minecraft.diamond_pickaxe":1,"stat.killEntity.Zombie":26,"stat.craftItem.minecraft.dye":66,"stat.pickup.minecraft.snowball":1008,"stat.mineBlock.minecraft.gold_ore":18,"stat.diveOneCm":53859,"stat.pickup.minecraft.wheat":61,"stat.drop.minecraft.wooden_pickaxe":1,"stat.pickup.minecraft.gravel":60,"stat.craftItem.minecraft.cooked_porkchop":7,"stat.pickup.minecraft.stone_axe":1,"stat.useItem.minecraft.apple":1,"stat.pickup.minecraft.stained_glass_pane":67,"stat.useItem.minecraft.carpet":5,"stat.useItem.minecraft.stained_glass_pane":348,"stat.drop.minecraft.cooked_porkchop":2,"stat.useItem.minecraft.flower_pot":3,"stat.pickup.minecraft.brick":33,"stat.jump":10756,"stat.useItem.minecraft.sand":121,"stat.pickup.minecraft.fence":8,"stat.useItem.minecraft.wooden_hoe":58,"stat.pickup.minecraft.coal":514,"stat.pickup.minecraft.iron_ingot":285,"stat.pickup.minecraft.gunpowder":25,"stat.pickup.minecraft.spider_eye":1,"stat.craftItem.minecraft.torch":300,"stat.pickup.minecraft.dirt":565,"stat.craftItem.minecraft.iron_helmet":1,"stat.drop.minecraft.iron_shovel":1,"stat.craftItem.minecraft.rail":16,"stat.useItem.minecraft.cooked_chicken":49,"stat.pickup.minecraft.iron_ore":174,"stat.pickup.minecraft.stone_shovel":4,"stat.pickup.minecraft.snow":255,"stat.useItem.minecraft.sapling":52,"stat.pickup.minecraft.gold_ore":18,"stat.mineBlock.minecraft.lapis_ore":8,"stat.pickup.minecraft.iron_axe":6,"stat.pickup.minecraft.leaves":8,"stat.mineBlock.minecraft.glass_pane":1,"stat.mineBlock.minecraft.stone_stairs":4,"stat.damageTaken":4184,"stat.mineBlock.minecraft.torch":99,"stat.mineBlock.minecraft.furnace":25,"stat.useItem.minecraft.wooden_pickaxe":32,"stat.mineBlock.minecraft.sapling":11,"stat.pickup.minecraft.reeds":65,"stat.pickup.minecraft.bed":3,"stat.craftItem.minecraft.birch_fence":9,"stat.useItem.minecraft.birch_fence":11,"stat.mineBlock.minecraft.fence_gate":2,"stat.pickup.minecraft.potato":176,"stat.entityKilledBy.Zombie":1,"stat.pickup.minecraft.stained_glass":36,"stat.damageDealt":15762,"stat.drop.minecraft.cooked_chicken":59,"stat.craftItem.minecraft.glass":94,"stat.sleepInBed":8,"stat.killEntity.Cow":4,"stat.useItem.minecraft.crafting_table":5,"stat.killEntity.Pig":5,"stat.craftItem.minecraft.iron_sword":1,"stat.craftItem.minecraft.stone_slab":204,"stat.craftItem.minecraft.stone_shovel":8,"stat.walkOneCm":2903624,"stat.mineBlock.minecraft.birch_fence":3,"stat.animalsBred":66,"stat.useItem.minecraft.chest":54,"stat.drop.minecraft.wheat":8,"stat.pickup.minecraft.stick":40,"stat.useItem.minecraft.pumpkin":1,"stat.pickup.minecraft.clay_ball":180,"stat.mineBlock.minecraft.trapped_chest":8,"stat.useItem.minecraft.lava_bucket":1,"stat.breakItem.minecraft.stone_pickaxe":13,"stat.pickup.minecraft.stone":1305,"stat.useItem.minecraft.spruce_stairs":152,"stat.craftItem.minecraft.iron_chestplate":1,"stat.mineBlock.minecraft.wool":13,"stat.pickup.minecraft.gold_ingot":2,"stat.killEntity.Skeleton":8,"stat.craftItem.minecraft.stained_glass_pane":352,"stat.mineBlock.minecraft.stonebrick":101,"stat.killEntity.Chicken":86,"stat.drop.minecraft.crafting_table":1,"stat.killEntity.Spider":6,"stat.craftItem.minecraft.spruce_fence":24,"stat.mobKills":169,"stat.craftItem.minecraft.shears":1,"stat.craftItem.minecraft.fence":21,"stat.pickup.minecraft.birch_fence":3,"stat.breakItem.minecraft.iron_axe":4,"stat.pickup.minecraft.water_bucket":2,"stat.pickup.minecraft.diamond":4,"stat.mineBlock.minecraft.leaves":205,"stat.pickup.minecraft.beetroot_seeds":76,"stat.pickup.minecraft.torch":173,"stat.pickup.minecraft.spruce_stairs":208,"stat.mineBlock.minecraft.redstone_ore":24,"stat.craftItem.minecraft.coal_block":24,"stat.drop.minecraft.stone_axe":1,"stat.craftItem.minecraft.spruce_stairs":44,"stat.craftItem.minecraft.brick":180,"stat.breakItem.minecraft.stone_sword":1,"stat.craftItem.minecraft.tripwire_hook":4,"stat.mineBlock.minecraft.stone":1410}