{"stat.useItem.minecraft.string":2,"stat.pickup.minecraft.wooden_slab":8,"stat.leaveGame":13,"stat.craftItem.minecraft.iron_axe":2,"stat.useItem.minecraft.mutton":1,"stat.pickup.minecraft.porkchop":14,"stat.useItem.minecraft.water_bucket":18,"stat.pickup.minecraft.rotten_flesh":17,"stat.pickup.minecraft.sand":68,"stat.craftItem.minecraft.stone_axe":4,"stat.pickup.minecraft.bucket":3,"stat.craftItem.minecraft.lit_pumpkin":1,"stat.killEntity.Enderman":1,"stat.mineBlock.minecraft.wooden_slab":4,"stat.craftItem.minecraft.stone_sword":1,"stat.craftItem.minecraft.iron_shovel":2,"stat.mineBlock.minecraft.snow_layer":85,"stat.pickup.minecraft.brown_mushroom":2,"achievement.buildPickaxe":15,"stat.mineBlock.minecraft.sand":73,"achievement.buildBetterPickaxe":15,"stat.useItem.minecraft.spider_eye":2,"stat.useItem.minecraft.iron_pickaxe":753,"stat.useItem.minecraft.iron_shovel":252,"stat.breakItem.minecraft.flint_and_steel":1,"stat.pickup.minecraft.double_plant":2,"stat.craftItem.minecraft.bed":1,"stat.mineBlock.minecraft.vine":5,"stat.furnaceInteraction":239,"stat.useItem.minecraft.pumpkin_seeds":1,"stat.killEntity.ZombieVillager":1,"stat.useItem.minecraft.double_plant":2,"stat.pickup.minecraft.furnace":4,"stat.useItem.minecraft.cooked_mutton":27,"achievement.mineWood":452,"stat.useItem.minecraft.fence":4,"stat.useItem.minecraft.stone_stairs":133,"achievement.openInventory":226,"stat.pickup.minecraft.stone_stairs":54,"stat.useItem.minecraft.flint_and_steel":73,"stat.mineBlock.minecraft.fence":3,"stat.useItem.minecraft.wheat_seeds":68,"stat.pickup.minecraft.pumpkin_seeds":2,"stat.useItem.minecraft.dye":30,"stat.deaths":5,"stat.pickup.minecraft.egg":210,"stat.playOneMinute":404148,"stat.drop.minecraft.string":1,"stat.craftItem.minecraft.iron_pickaxe":4,"stat.drop.minecraft.iron_ingot":64,"stat.mineBlock.minecraft.tallgrass":640,"stat.craftItem.minecraft.cooked_mutton":44,"stat.pickup.minecraft.cooked_mutton":87,"stat.chestOpened":143,"stat.pickup.minecraft.pumpkin":1,"stat.useItem.minecraft.stone":18,"stat.pickup.minecraft.iron_sword":5,"stat.pickup.minecraft.arrow":17,"stat.pickup.minecraft.waterlily":21,"stat.craftItem.minecraft.coal":63,"stat.pickup.minecraft.cooked_chicken":77,"stat.fallOneCm":174187,"stat.drop.minecraft.stone":8,"stat.drop.minecraft.stone_sword":2,"stat.crouchOneCm":243874,"stat.craftItem.minecraft.iron_ingot":129,"stat.craftItem.minecraft.chest":2,"stat.craftingTableInteraction":82,"stat.pickup.minecraft.feather":97,"stat.useItem.minecraft.furnace":6,"stat.pickup.minecraft.dye":6,"stat.pickup.minecraft.planks":3,"stat.pickup.minecraft.wheat_seeds":119,"stat.mineBlock.minecraft.gravel":7,"stat.useItem.minecraft.stone_pickaxe":1455,"stat.breakItem.minecraft.stone_axe":3,"stat.useItem.minecraft.stone_sword":157,"stat.drop.minecraft.carpet":1,"stat.useItem.minecraft.wool":10,"stat.mineBlock.minecraft.dirt":1265,"stat.drop.minecraft.iron_axe":1,"stat.pickup.minecraft.flint_and_steel":2,"stat.useItem.minecraft.torch":281,"stat.craftItem.minecraft.stone_stairs":116,"stat.pickup.minecraft.crafting_table":8,"stat.useItem.minecraft.cobblestone":371,"stat.craftItem.minecraft.crafting_table":8,"stat.useItem.minecraft.gravel":5,"stat.mineBlock.minecraft.double_plant":11,"stat.pickup.minecraft.log":683,"stat.pickup.minecraft.iron_pickaxe":6,"stat.useItem.minecraft.yellow_flower":2,"stat.drop.minecraft.sapling":2,"stat.pickup.minecraft.chicken":91,"stat.pickup.minecraft.sapling":122,"stat.pickup.minecraft.wooden_door":1,"stat.entityKilledBy.Enderman":1,"stat.pickup.minecraft.apple":5,"stat.breakItem.minecraft.stone_shovel":7,"stat.drop.minecraft.bow":4,"stat.craftItem.minecraft.bucket":5,"stat.craftItem.minecraft.planks":132,"stat.useItem.minecraft.iron_sword":176,"stat.pickup.minecraft.stone_sword":2,"stat.mineBlock.minecraft.log":504,"stat.craftItem.minecraft.wooden_door":3,"stat.craftItem.minecraft.cooked_chicken":77,"stat.mineBlock.minecraft.waterlily":22,"stat.useItem.minecraft.stone_hoe":55,"stat.useItem.minecraft.wooden_door":2,"stat.pickup.minecraft.red_flower":1,"stat.sneakTime":62907,"stat.pickup.minecraft.wool":31,"stat.drop.minecraft.bucket":2,"stat.pickup.minecraft.yellow_flower":2,"stat.pickup.minecraft.bone":13,"stat.useItem.minecraft.iron_axe":131,"stat.drop.minecraft.stone_shovel":1,"stat.mineBlock.minecraft.pumpkin":1,"stat.mineBlock.minecraft.cobblestone":25,"stat.pickup.minecraft.flint":2,"stat.mineBlock.minecraft.yellow_flower":1,"stat.swimOneCm":32775,"stat.climbOneCm":3520,"stat.mineBlock.minecraft.spruce_stairs":1,"achievement.buildWorkBench":7,"stat.pickup.minecraft.cooked_porkchop":11,"stat.drop.minecraft.brown_mushroom":2,"stat.breakItem.minecraft.iron_pickaxe":3,"stat.useItem.minecraft.dirt":212,"stat.pickup.minecraft.bow":4,"achievement.exploreAllBiomes":{"value":0,"progress":["Birch Forest Hills","ForestHills","Birch Forest M","Birch Forest","Extreme Hills+","Forest","River","Plains","Extreme Hills","Swampland"]},"stat.craftItem.minecraft.furnace":2,"stat.useItem.minecraft.red_flower":1,"stat.useItem.minecraft.egg":147,"stat.craftItem.minecraft.stone_pickaxe":12,"stat.pickup.minecraft.cobblestone":1690,"stat.mineBlock.minecraft.carpet":2,"stat.useItem.minecraft.stone_shovel":924,"stat.flyOneCm":705874,"stat.mineBlock.minecraft.iron_ore":103,"stat.timeSinceDeath":42544,"stat.useItem.minecraft.wooden_slab":8,"stat.drop.minecraft.spider_eye":1,"stat.pickup.minecraft.mutton":45,"stat.drop.minecraft.dirt":3,"stat.pickup.minecraft.iron_shovel":3,"stat.useItem.minecraft.cooked_porkchop":10,"stat.pickup.minecraft.carpet":2,"stat.mineBlock.minecraft.coal_ore":424,"stat.killEntity.Creeper":1,"stat.pickup.minecraft.shield":2,"stat.craftItem.minecraft.stone_hoe":1,"stat.pickup.minecraft.string":4,"stat.entityKilledBy.Skeleton":1,"achievement.buildSword":2,"stat.killEntity.Squid":2,"stat.sprintOneCm":546105,"stat.craftItem.minecraft.stick":144,"stat.useItem.minecraft.bed":2,"stat.craftItem.minecraft.stone":4,"stat.useItem.minecraft.snowball":162,"stat.mineBlock.minecraft.crafting_table":8,"stat.useItem.minecraft.bucket":22,"achievement.killEnemy":35,"stat.drop":22,"stat.killEntity.Sheep":30,"stat.breakItem.minecraft.iron_shovel":1,"stat.killEntity.Zombie":17,"stat.pickup.minecraft.snowball":228,"stat.craftItem.minecraft.dye":27,"stat.diveOneCm":14074,"stat.pickup.minecraft.wheat":22,"achievement.buildHoe":1,"stat.pickup.minecraft.gravel":5,"stat.craftItem.minecraft.cooked_porkchop":10,"stat.useItem.minecraft.chicken":1,"stat.pickup.minecraft.stone_axe":4,"stat.useItem.minecraft.waterlily":21,"stat.useItem.minecraft.apple":5,"stat.useItem.minecraft.porkchop":1,"stat.useItem.minecraft.carpet":1,"stat.useItem.minecraft.rotten_flesh":15,"stat.jump":6343,"stat.useItem.minecraft.sand":14,"stat.pickup.minecraft.fence":3,"stat.pickup.minecraft.coal":424,"stat.pickup.minecraft.iron_ingot":3,"stat.useItem.minecraft.stone_axe":424,"stat.pickup.minecraft.gunpowder":1,"stat.pickup.minecraft.spider_eye":4,"stat.craftItem.minecraft.torch":256,"stat.pickup.minecraft.dirt":1414,"stat.useItem.minecraft.cooked_chicken":8,"stat.pickup.minecraft.iron_ore":98,"stat.pickup.minecraft.stone_shovel":1,"stat.useItem.minecraft.sapling":54,"stat.craftItem.minecraft.flint_and_steel":2,"stat.pickup.minecraft.iron_axe":1,"stat.mineBlock.minecraft.stone_stairs":17,"stat.damageTaken":3600,"stat.mineBlock.minecraft.torch":20,"stat.mineBlock.minecraft.furnace":4,"stat.mineBlock.minecraft.sapling":4,"stat.pickup.minecraft.bed":1,"stat.useItem.minecraft.birch_fence":3,"stat.entityKilledBy.Zombie":1,"stat.damageDealt":13116,"stat.craftItem.minecraft.glass":61,"stat.sleepInBed":12,"stat.useItem.minecraft.crafting_table":15,"stat.killEntity.Pig":7,"stat.craftItem.minecraft.iron_sword":1,"stat.craftItem.minecraft.stone_shovel":7,"stat.walkOneCm":1464728,"stat.animalsBred":33,"stat.mineBlock.minecraft.birch_fence":2,"stat.useItem.minecraft.chest":2,"stat.pickup.minecraft.stick":52,"stat.useItem.minecraft.pumpkin":1,"stat.useItem.minecraft.lava_bucket":1,"stat.breakItem.minecraft.stone_pickaxe":11,"stat.pickup.minecraft.stone":22,"stat.useItem.minecraft.spruce_stairs":2,"stat.mineBlock.minecraft.wool":1,"stat.pickup.minecraft.ender_pearl":1,"stat.killEntity.Skeleton":10,"stat.killEntity.Chicken":96,"stat.killEntity.Spider":5,"stat.mobKills":170,"stat.pickup.minecraft.birch_fence":2,"stat.mineBlock.minecraft.leaves":126,"stat.pickup.minecraft.torch":50,"stat.pickup.minecraft.spruce_stairs":2,"stat.drop.minecraft.arrow":1,"stat.mineBlock.minecraft.stone":1622}