{"stat.pickup.minecraft.bone":5,"stat.leaveGame":5,"stat.mineBlock.minecraft.cobblestone":3,"stat.swimOneCm":14095,"stat.climbOneCm":847,"stat.drop.minecraft.cobblestone":877,"achievement.buildWorkBench":4,"stat.drop.minecraft.feather":5,"stat.pickup.minecraft.porkchop":9,"stat.useItem.minecraft.dirt":2,"achievement.exploreAllBiomes":{"value":0,"progress":["ForestHills","Forest","River","Taiga","Extreme Hills","TaigaHills"]},"stat.pickup.minecraft.rotten_flesh":9,"stat.craftItem.minecraft.furnace":10,"stat.entityKilledBy.Spider":1,"stat.craftItem.minecraft.stone_axe":2,"stat.craftItem.minecraft.iron_boots":1,"achievement.diamonds":4,"stat.craftItem.minecraft.stone_pickaxe":15,"stat.pickup.minecraft.cobblestone":1503,"stat.useItem.minecraft.stone_shovel":37,"stat.flyOneCm":48320,"achievement.buildPickaxe":16,"stat.drop.minecraft.wheat_seeds":1,"stat.killEntity.Villager":1,"achievement.buildBetterPickaxe":14,"stat.pickup.minecraft.redstone":332,"stat.mineBlock.minecraft.iron_ore":78,"stat.timeSinceDeath":113141,"stat.useItem.minecraft.iron_pickaxe":123,"stat.craftItem.minecraft.wooden_pickaxe":3,"stat.pickup.minecraft.mutton":6,"stat.pickup.minecraft.double_plant":2,"stat.furnaceInteraction":40,"stat.drop.minecraft.dirt":36,"stat.mineBlock.minecraft.coal_ore":130,"stat.talkedToVillager":12,"achievement.buildSword":1,"achievement.mineWood":98,"stat.sprintOneCm":126877,"stat.craftItem.minecraft.stick":116,"stat.craftItem.minecraft.wooden_axe":3,"achievement.openInventory":44,"stat.mineBlock.minecraft.diamond_ore":4,"stat.mineBlock.minecraft.crafting_table":4,"stat.entityKilledBy.Creeper":1,"achievement.killEnemy":11,"achievement.buildFurnace":9,"stat.deaths":2,"stat.drop":27,"stat.pickup.minecraft.egg":12,"stat.playOneMinute":140649,"stat.killEntity.Sheep":5,"stat.craftItem.minecraft.iron_pickaxe":1,"stat.craftItem.minecraft.emerald":3,"stat.killEntity.Zombie":10,"stat.mineBlock.minecraft.gold_ore":2,"stat.mineBlock.minecraft.tallgrass":8,"stat.craftItem.minecraft.cooked_mutton":6,"stat.diveOneCm":1863,"stat.chestOpened":12,"stat.pickup.minecraft.spruce_door":1,"stat.pickup.minecraft.arrow":4,"stat.useItem.minecraft.porkchop":5,"stat.craftItem.minecraft.coal":22,"stat.jump":1268,"stat.pickup.minecraft.coal":137,"stat.fallOneCm":14581,"stat.drop.minecraft.stone":167,"stat.useItem.minecraft.stone_axe":163,"stat.mineBlock.minecraft.chest":1,"stat.craftItem.minecraft.torch":116,"stat.craftItem.minecraft.iron_ingot":68,"stat.pickup.minecraft.dirt":92,"stat.craftItem.minecraft.iron_helmet":1,"stat.useItem.minecraft.cooked_chicken":7,"stat.craftingTableInteraction":24,"stat.pickup.minecraft.iron_ore":78,"stat.pickup.minecraft.gold_ore":2,"stat.mineBlock.minecraft.lapis_ore":9,"stat.damageTaken":998,"stat.pickup.minecraft.feather":5,"stat.mineBlock.minecraft.torch":2,"stat.useItem.minecraft.wooden_pickaxe":25,"stat.useItem.minecraft.furnace":6,"stat.tradedWithVillager":3,"stat.pickup.minecraft.dye":48,"stat.pickup.minecraft.planks":2,"stat.pickup.minecraft.wheat_seeds":1,"stat.useItem.minecraft.stone_pickaxe":1942,"stat.breakItem.minecraft.stone_axe":1,"stat.craftItem.minecraft.iron_leggings":1,"stat.damageDealt":4422,"stat.killEntity.Cow":4,"stat.useItem.minecraft.crafting_table":8,"stat.mineBlock.minecraft.dirt":92,"stat.killEntity.Pig":4,"stat.craftItem.minecraft.iron_sword":1,"stat.craftItem.minecraft.stone_shovel":1,"stat.walkOneCm":574206,"stat.useItem.minecraft.torch":85,"stat.useItem.minecraft.bread":1,"stat.useItem.minecraft.chest":1,"stat.pickup.minecraft.stick":3,"stat.drop.minecraft.rotten_flesh":2,"stat.pickup.minecraft.crafting_table":4,"stat.useItem.minecraft.cobblestone":138,"stat.craftItem.minecraft.crafting_table":5,"stat.mineBlock.minecraft.double_plant":4,"stat.breakItem.minecraft.stone_pickaxe":14,"stat.pickup.minecraft.log":109,"stat.pickup.minecraft.stone":302,"stat.drop.minecraft.planks":3,"stat.drop.minecraft.sapling":1,"stat.pickup.minecraft.chicken":7,"stat.pickup.minecraft.sapling":4,"stat.killEntity.Skeleton":2,"stat.craftItem.minecraft.planks":256,"stat.useItem.minecraft.iron_sword":73,"stat.killEntity.Chicken":7,"stat.killEntity.Spider":1,"stat.mobKills":34,"stat.mineBlock.minecraft.log":109,"stat.craftItem.minecraft.cooked_chicken":7,"achievement.acquireIron":6,"stat.useItem.minecraft.spruce_door":2,"stat.pickup.minecraft.diamond":4,"stat.mineBlock.minecraft.leaves":53,"stat.pickup.minecraft.torch":2,"stat.mineBlock.minecraft.redstone_ore":74,"stat.sneakTime":6,"stat.pickup.minecraft.wool":5,"stat.drop.minecraft.arrow":4,"stat.useItem.minecraft.wooden_axe":67,"stat.pickup.minecraft.yellow_flower":1,"stat.mineBlock.minecraft.stone":1756,"stat.pickup.minecraft.chest":1,"stat.craftItem.minecraft.spruce_door":3}